,label,cyto_int,cyto_area,frame,nuc_int,nuc_area,cyto_nuc_ratio
0,1,453.6451359832636,7648,0,445.0374149659864,2352,1.0193415670858483
1,4,583.3421912437377,4591,0,561.1212343864805,1361,1.0396009908296433
2,5,469.28818713450295,4275,0,464.2300518134715,1930,1.01089575158108
3,6,483.3901746724891,4580,0,473.0012547051443,1594,1.0219638317319495
4,8,792.9471679364028,6038,0,749.7725774555042,1517,1.0575835817140975
5,9,481.09263365360925,8118,0,474.9807374793616,1817,1.0128676716590286
6,11,482.85616242493563,3497,0,473.2387862796834,1516,1.0203224596632459
7,13,577.5387912558937,4666,0,546.6163610719323,1418,1.0565706268347357
8,14,479.8177991581479,4989,0,471.22265844083006,1783,1.0182400836703338
9,15,525.0401637247378,3909,0,512.1619804400978,1636,1.0251447467333945
10,17,454.94415767245425,2131,0,455.6519607843137,1836,0.9984466145813548
11,18,469.88278481012657,3950,0,464.3919514884234,1814,1.0118237047479064
12,19,485.4208362696735,8514,0,478.7908629441624,1970,1.0138473263352235
13,20,487.56582524271846,5150,0,473.83858267716533,1778,1.028970292980354
14,22,451.4178770949721,2685,0,450.10096153846155,1456,1.0029258225799147
15,23,452.794343575419,2864,0,448.390243902439,1353,1.009822023857277
16,24,461.1375772906127,7116,0,453.8318509106311,2361,1.0160978705335961
17,29,444.0710479573712,2252,0,441.5040137614679,1744,1.0058142941307215
18,32,444.7138382687927,3512,0,440.4396971335857,1849,1.0097042595456844
19,33,485.03038796282635,6779,0,474.5718169460807,2207,1.0220379100555268
20,34,550.7438844951259,10874,0,557.0167464114833,2090,0.9887384679962146
21,35,546.5466768379899,10487,0,564.543431053203,1842,0.9681215771448467
22,37,515.4819932636669,11579,0,532.6321174377224,2248,0.9678011828190951
23,38,522.607414989196,8793,0,503.0178117048346,1965,1.0389441543192437
24,39,456.5317209954434,2853,0,449.72936802973976,1345,1.0151254364274778
25,40,482.40314885496184,10480,0,486.5176967776017,1893,0.9915428607224523
26,42,456.23169398907106,1830,0,448.6087580760948,1393,1.0169923920916482
27,43,464.0615137737363,3739,0,451.36787307883,2017,1.0281226056438657
28,44,446.6015891032917,2643,0,444.27556440903055,1506,1.0052355449648804
29,45,524.684855866829,12315,0,513.9061876247505,2004,1.0209739997330973
30,47,445.3720011289867,3543,0,445.0488017429194,2295,1.0007262111139308
31,49,444.73252688172045,2976,0,442.9376138433515,2196,1.0040522931046532
32,50,467.29768270944743,3366,0,451.70215113072254,1813,1.0345261397132721
33,51,484.29560530679936,2412,0,478.9822485207101,845,1.0110930139947756
34,52,820.7308884993932,7417,0,797.6832151300237,1692,1.028893266063788
35,53,474.59499683343887,3158,0,456.0575679172057,1546,1.0406471248813889
36,54,475.9840917499075,2703,0,471.1897341888176,1091,1.0101750042779343
37,55,463.1102204408818,5489,0,455.19014778325123,2030,1.0173994817247272
38,57,461.9622641509434,3445,0,448.43216630196935,1828,1.0301720056358825
39,58,464.2155963302752,1744,0,457.956931359354,1486,1.0136664925069343
40,59,470.64962299717246,4244,0,462.24455732946296,1378,1.018183157669326
41,60,451.62960609911056,1574,0,449.31922398589063,1134,1.0051419614160388
42,62,477.3136932192232,3038,0,467.765105227427,1473,1.0204132114283164
43,63,917.4328342013889,9216,0,901.7916877850988,1973,1.017344522718663
44,66,436.8457711442786,1206,0,434.6634549208534,1453,1.0050207032560918
45,67,585.9403703703704,2700,0,623.5120132560066,1207,0.9397419102008387
46,68,460.82906626506025,1328,0,456.5244385733157,757,1.0094291287125765
47,69,479.45454545454544,4730,0,474.5673515981735,1752,1.0102982091791894
48,71,439.1519364448858,1007,0,442.0461630695444,1668,0.9934526597752569
49,72,455.0487898578563,7809,0,451.73705722070844,2202,1.0073311068556632
50,73,499.17998902505946,5467,0,505.4508790072389,1934,0.9875934729908945
51,74,439.9892209701127,2041,0,438.89589235127477,1412,1.002491088747677
52,75,572.7903212621598,12233,0,542.5121834687052,2093,1.055810982160553
53,76,467.8263852242744,3790,0,462.06078724464373,2007,1.0124780075236681
54,77,487.3241045163523,11558,0,481.55919003115264,2568,1.0119713518183024
55,79,482.13814432989693,4365,0,464.32210655235764,1633,1.0383699968752842
56,81,563.0970954356847,7230,0,548.4080495356037,1615,1.0267848838333422
57,82,453.9253112033195,4820,0,449.50858951175405,2212,1.0098256669496857
58,83,448.3336745138178,4885,0,444.9267224213461,2511,1.0076573330411145
59,84,456.2828947368421,3344,0,448.5730886850153,1635,1.0171874021119456
60,85,622.126149059539,7071,0,579.30225472273,1641,1.0739232309000863
61,86,460.9758345789736,4014,0,450.16488845780793,2062,1.0240155249739762
62,87,601.952769372451,15202,0,561.469227753822,2551,1.0721028680068272
63,88,450.43072078376485,2858,0,448.606,1500,1.0040675353957924
64,89,582.3996880483525,5129,0,551.9779837775203,1726,1.0551139812907717
65,91,448.86050836949784,3226,0,444.43605292172,1814,1.0099552127211362
66,1,453.27549081697276,7895,1,444.9906343124734,2349,1.018618046910807
67,4,585.9291722000885,4518,1,563.9375459221161,1361,1.0389965634262088
68,5,467.9164820558263,4514,1,462.92046049188906,1911,1.0107923973777884
69,6,480.13053750738334,5079,1,470.3940134392181,1637,1.020698656424171
70,8,796.6710768715458,5971,1,746.465770953295,1563,1.0672573450409317
71,9,479.8519694297472,8505,1,475.03812154696135,1810,1.0101336033140027
72,11,471.80279232111695,5157,1,472.67578125,1536,0.9981530914772607
73,13,580.5069808027923,4584,1,547.9445628997868,1407,1.0594264823628898
74,14,480.163987792472,4915,1,472.0967561521253,1788,1.017088089539313
75,15,524.7222501255651,3982,1,511.3663492063492,1575,1.026118067682679
76,17,454.7224281742354,2158,1,454.89179104477614,1876,0.9996276853663335
77,18,470.47553865652725,3945,1,464.37157534246575,1752,1.0131445670626156
78,19,484.43363136176066,8724,1,479.5739001482946,2023,1.0101334355601155
79,20,487.1070400920775,5213,1,473.67997750281216,1778,1.0283462743349452
80,22,450.7539195637355,2934,1,449.9475476839237,1468,1.0017921464045367
81,23,451.92176634214184,2876,1,447.66309012875536,1398,1.0095131278572946
82,24,459.95340647433295,7383,1,453.1692566148677,2381,1.0149704547703482
83,29,443.9773299748111,2382,1,441.8682842287695,1731,1.004773019067713
84,32,444.7521343198634,3514,1,440.71725239616615,1878,1.009155262022895
85,33,484.83743475018645,6705,1,473.5426884650318,2202,1.0238515904907455
86,34,550.8348785462637,10786,1,558.1768441621886,2047,0.9868465241926239
87,35,546.3205466540999,10610,1,564.7819178082192,1825,0.9673123898410853
88,37,516.3401253918495,11484,1,533.9385525716887,2197,0.9670403511882084
89,38,521.436159573286,8999,1,503.0174002047083,1954,1.0366165451952198
90,39,456.46208772526353,2941,1,449.77464788732397,1349,1.014868423263409
91,40,482.68003811338735,10495,1,486.4040190375463,1891,0.992343852479822
92,42,456.8047646717025,1721,1,448.8321167883212,1370,1.017763095788311
93,43,464.18623369414377,3603,1,451.37983357807144,2043,1.0283716709595918
94,44,446.31692432872256,2458,1,443.96858974358975,1560,1.0052894160519084
95,45,525.0746985988922,12276,1,516.1650872817955,2005,1.0172611661203512
96,47,445.6246442800228,3514,1,444.7497827975673,2302,1.0019670869245902
97,49,445.39602502760397,2717,1,442.98900595510764,2183,1.0054335864776298
98,50,464.8645970937913,3028,1,451.733995584989,1812,1.0290671094872954
99,51,482.2856034148234,2577,1,473.76255707762556,876,1.01799012228778
100,52,796.990800596718,8044,1,800.0249258160237,1685,0.9962074616410096
101,53,471.20620333141875,3482,1,453.96043822276323,1643,1.0379895771890872
102,54,477.34166666666664,2520,1,472.91978122151323,1097,1.009350180772164
103,55,463.43617981585123,5539,1,455.80886850152905,1962,1.0167335737441814
104,57,461.3540166204986,3610,1,448.7992036405006,1758,1.027974231857271
105,58,458.09863672814754,2494,1,458.62928348909657,1284,0.9988429723525021
106,59,471.04724792985877,4106,1,460.0810234541578,1407,1.0238354201035498
107,60,450.3003003003003,1665,1,449.00519480519483,1155,1.0028843886665217
108,62,479.1817864619679,2866,1,469.8166431593794,1418,1.0199336133339394
109,63,916.7030661646046,9295,1,887.4617321248742,1986,1.0329494027530821
110,66,436.77348066298345,1086,1,434.9034907597536,1461,1.0042997813146155
111,67,578.9335180055401,2888,1,616.2438016528926,1210,0.9394553202039865
112,68,461.42424242424244,1320,1,456.56909361069836,673,1.0106339848261474
113,69,480.44766793126536,4481,1,475.1248581157775,1762,1.0112029705972378
114,71,439.4307417336908,1119,1,441.5358295674629,1549,0.9952323510510251
115,72,455.42108701332637,7654,1,451.89840546697036,2195,1.0077952953667004
116,73,501.05028462998104,5270,1,505.37169517884917,1929,0.991449045148168
117,74,439.85978713558535,2161,1,439.12156295224315,1382,1.001681138540269
118,75,581.4251694767947,11506,1,548.1149144254279,2045,1.0607723931144712
119,76,465.85210042257023,4023,1,460.9619512195122,2050,1.0106085745040796
120,77,485.65680570351554,12203,1,481.5284933645589,2562,1.0085733500630691
121,79,485.4097734792568,3929,1,464.64408866995075,1624,1.0446915936641916
122,81,560.000941366326,7436,1,545.8164910105394,1613,1.0259875811548402
123,82,453.7920344898378,4871,1,449.6639306885545,2193,1.0091804201305674
124,83,447.83528744326776,5288,1,445.22361710474695,2549,1.0058659743962017
125,84,455.0340972610397,3578,1,448.0649734199646,1693,1.015553824231967
126,85,628.3584292884559,6774,1,588.0686095931998,1647,1.0685121073255839
127,86,461.60450718177316,4038,1,451.0925474914759,2053,1.0233033326503713
128,87,601.9702748914902,15206,1,557.754627806223,2539,1.0792743706299266
129,88,451.1983230040102,2743,1,448.74618952948975,1509,1.005464410688571
130,89,589.7638232271325,4865,1,559.5278745644599,1722,1.0540383241607194
131,91,449.06930072122924,3189,1,444.89065155807367,1765,1.0093925308354341
132,1,453.71651909241837,7228,2,444.8602601762484,2383,1.0199079569675682
133,4,586.2617777777778,4500,2,560.515937731653,1349,1.0459323960533848
134,5,465.93265854162365,4841,2,462.9265770423992,1934,1.006493646397297
135,6,478.9093678598629,5252,2,469.5674504950495,1616,1.019894729404614
136,8,782.9294061149352,6247,2,733.1398416886543,1516,1.0679127795204797
137,9,481.22212575964284,8063,2,474.5078590785908,1845,1.0141499588522938
138,11,471.5522329333071,5083,2,472.09385327164574,1513,0.9988527274087871
139,13,577.9308326105811,4612,2,543.1832276250881,1419,1.0639703201761528
140,14,481.0747922437673,4693,2,472.45276690888767,1789,1.0182494969630316
141,15,522.460972017673,4074,2,510.26913425345043,1594,1.0238929555910918
142,17,453.5659934241428,2129,2,454.30912973838764,1873,0.9983642496582167
143,18,470.2169181301014,4043,2,463.70340450086553,1733,1.0140467237592252
144,19,485.9283477842004,8304,2,476.26988071570577,2012,1.0202793992640906
145,20,487.38877952755905,5080,2,472.5320945945946,1776,1.0314405838310532
146,22,450.9433764418036,2861,2,449.3639479095271,1459,1.0035148091866828
147,23,451.1923454367026,3057,2,448.3326164874552,1395,1.0063785877807698
148,24,460.4162726008345,7190,2,453.05541561712846,2382,1.0162471448965673
149,29,443.6033634126333,2438,2,441.58662092624354,1749,1.0045670371130349
150,32,445.07010185739966,3338,2,440.5280172413793,1856,1.0103105465220197
151,33,481.96360365347357,7226,2,473.07455357142857,2240,1.0187899560755023
152,34,553.6764677804296,10475,2,559.8774319066148,2056,0.9889244256460412
153,35,544.1667442510009,10741,2,564.6041214750543,1844,0.9638022882818145
154,37,514.6237925775292,11802,2,535.2904977375565,2210,0.9613916083932433
155,38,522.3834457528295,8747,2,503.67822539520654,1961,1.0371372424188996
156,39,455.3988076561029,3187,2,449.03498542274053,1372,1.0141722191810316
157,40,480.89364590876175,11048,2,484.225321888412,1864,0.9931195750634082
158,42,454.97200211304806,1893,2,448.06580829756797,1398,1.0154133470744404
159,43,460.44437012263097,4485,2,450.31771090281205,2027,1.022487810216295
160,44,445.2421621621622,2775,2,442.79421019509124,1589,1.0055284190956164
161,45,523.6365892714172,12490,2,512.5010040160643,1992,1.0217279286637337
162,47,444.9258517034068,3493,2,444.0847750865052,2312,1.0018939550826478
163,49,445.6559670781893,2430,2,442.5827633378933,2193,1.0069437944603137
164,50,463.3068992862807,2522,2,450.5767727526522,1791,1.0282529577720085
165,51,481.5849787069299,2583,2,473.069667738478,933,1.018000120382183
166,52,777.9857462598657,8489,2,815.0309708159618,1679,0.9545474639828612
167,53,468.70073190566546,3689,2,452.72759856630825,1674,1.0352819960389883
168,54,477.09206963249517,2585,2,471.49816176470586,1088,1.0118641138426767
169,55,465.75297097214104,5133,2,456.27593254982116,1957,1.020770410504361
170,57,461.17552887364207,3498,2,448.2276286353468,1788,1.0288868856159445
171,58,455.24114671163574,2372,2,460.2837837837838,962,0.989044504173719
172,59,469.7602119673217,4529,2,460.18226600985224,1421,1.020813374753699
173,60,449.6032028469751,1686,2,448.3644214162349,1158,1.0027628896753835
174,62,478.0605851979346,2905,2,467.6690042075736,1426,1.022219948076244
175,63,920.2073487968784,9226,2,892.5388082123185,1997,1.0309998179686748
176,66,436.445871559633,1090,2,434.3032564450475,1474,1.0049334539467276
177,67,576.4139130434783,2875,2,608.7699530516431,1278,0.9468501363348003
178,68,461.39448818897637,1270,2,455.54403409090907,704,1.012842785022402
179,69,479.9811939645747,4573,2,474.9601571268238,1782,1.0105714906027585
180,71,439.1003262642741,1226,2,440.6829745596869,1533,0.9964086466081561
181,72,454.7773010920437,7692,2,451.6117381489842,2215,1.0070094788856332
182,73,501.8637258763293,5078,2,507.17379958246346,1916,0.9895300709332664
183,74,439.4185936762624,2119,2,438.86695278969955,1398,1.0012569661102444
184,75,584.1997691556423,11263,2,547.7217095677513,2059,1.0665996234048831
185,76,465.64865537848607,4016,2,459.4621848739496,2023,1.0134645912290556
186,77,485.86558296889183,12119,2,482.11700039261876,2547,1.0077752549136836
187,79,483.77693991729507,4111,2,464.70324189526184,1604,1.0410448998467117
188,81,561.4143306440585,7313,2,540.1528976572133,1622,1.0393618789773444
189,82,453.17601397244323,5153,2,448.9846915803692,2221,1.0093351120220182
190,83,448.5050377833753,4764,2,444.8238568588469,2515,1.0082755923895883
191,84,455.017942248388,3567,2,448.06654567453114,1653,1.015514205737882
192,85,620.8762738624946,6967,2,589.7786259541984,1703,1.0527276617696741
193,86,462.6877192982456,3990,2,450.60676328502416,2070,1.02681041874549
194,87,600.9906007624556,15214,2,557.520737327189,2604,1.0779699489630927
195,88,451.78846153846155,2652,2,449.9696569920844,1516,1.0040420604325528
196,89,589.8708172784425,4931,2,558.4530162412993,1724,1.0562586289686506
197,91,448.13107378524296,3334,2,444.48462414578586,1756,1.0082037700324615
198,1,452.47443946188343,7805,3,444.00292887029286,2390,1.0190798529485947
199,4,585.0620525059666,4609,3,553.48937784522,1318,1.0570429640107306
200,5,467.54168554599005,4414,3,462.1319127346525,1971,1.0117061225642812
201,6,481.35887096774195,4712,3,468.5635925256178,1659,1.0273074533451392
202,8,786.3433833116037,6136,3,732.876953125,1536,1.0729541704901784
203,9,482.8632638726294,8542,3,474.8653017241379,1856,1.0168425911926025
204,11,479.3834862385321,3815,3,472.52425876010784,1484,1.014516138274938
205,13,581.77681352915,4494,3,541.0622377622377,1430,1.0752493390322386
206,14,480.5556722689076,4760,3,472.1929046563193,1804,1.0177104897810252
207,15,521.5043710539096,4118,3,508.7609907120743,1615,1.02504787232999
208,17,453.7150357995227,2095,3,453.9086956521739,1840,0.9995733506440696
209,18,469.08109919571046,4476,3,462.9892665474061,1677,1.0131576109609026
210,19,483.2692393736018,8940,3,476.27075993960744,1987,1.0146943294080908
211,20,487.11100177130487,5081,3,473.40418315432447,1769,1.0289537336270476
212,22,450.04844762879566,2931,3,448.9837728194726,1479,1.0023712990842346
213,23,451.26161449752885,3035,3,448.5150846210449,1359,1.0061236064753643
214,24,462.03251035117313,6521,3,452.2788944723618,2388,1.0215654897852133
215,29,443.29116638078904,2332,3,441.00638792102205,1722,1.0051808284921626
216,32,445.2416393442623,3050,3,440.29891304347825,1840,1.0112258426136427
217,33,482.8075471698113,6890,3,472.6762367491166,2264,1.021433932220443
218,34,552.0149602618046,10695,3,557.2113502935421,2044,0.9906742925660076
219,35,543.1903472740852,10712,3,564.9709208400647,1857,0.961448328112899
220,37,515.4286206599465,11607,3,534.8232346241458,2195,0.9637364035281132
221,38,519.6966392165591,8986,3,502.0702758979698,1921,1.0351073627831562
222,39,455.3702898550725,2760,3,449.02819956616054,1383,1.0141240356285852
223,40,481.53662140943936,10827,3,481.3697389451252,1877,1.0003466824995686
224,42,455.56081081081084,2072,3,448.170063246662,1423,1.0164909443317305
225,43,461.7726937269373,4065,3,450.1786958685913,2009,1.025754212637664
226,44,444.6953125,2560,3,442.602523659306,1585,1.0047283707815118
227,45,524.2351691452852,12238,3,514.3439716312057,1974,1.019230705635978
228,47,444.83955909369257,3266,3,443.6052060737527,2305,1.0027825485432529
229,49,445.39958158995813,2868,3,442.3496762257169,2162,1.0068947837608113
230,50,466.473636086559,3281,3,450.938127090301,1794,1.0344515312921123
231,51,480.96274961597544,2604,3,472.8428417653391,929,1.0171725299262668
232,52,803.6838046272494,7780,3,822.3719107896324,1659,0.9772753593390139
233,53,467.03651538862806,3834,3,452.06900517538816,1739,1.033108906034009
234,54,474.4403937294933,2743,3,469.0699115044248,1130,1.0114492149109373
235,55,465.80465587044534,4940,3,455.7892838742916,1941,1.0219736890499516
236,57,459.7739399045212,3561,3,448.05699774266367,1772,1.02615056169391
237,58,454.17883418222976,1767,3,460.8903785488959,1268,0.9854378726937253
238,59,470.99793388429754,4356,3,459.7596291012839,1402,1.0244438703871885
239,60,450.16131147540983,1525,3,448.2393526405451,1174,1.004287795847336
240,62,476.1573505654281,3095,3,466.5258379888268,1432,1.0206451857374552
241,63,913.3339367479501,9391,3,897.7805128205129,1950,1.017324305557239
242,66,435.7370583401808,1217,3,434.00206043956047,1456,1.00399767203608
243,67,579.1964097148891,2841,3,610.0190174326466,1262,0.9494727101337285
244,68,458.6610644257703,1428,3,454.6351875808538,773,1.008855180933835
245,69,479.13657155303855,4591,3,474.5343945423536,1759,1.009698300194074
246,71,438.4730878186969,1059,3,441.45011210762334,1784,0.9932562611102007
247,72,454.9136467735417,7423,3,451.547263681592,2211,1.0074552175657152
248,73,498.9244369998139,5373,3,506.32460732984293,1910,0.9853845335128889
249,74,439.96672122204035,1833,3,438.67727272727274,1320,1.0029394011838157
250,75,581.6199965041077,11442,3,548.1570731707317,2050,1.0610462310370543
251,76,463.8930371049015,4366,3,457.6936043629152,2017,1.0135449407264836
252,77,487.06692406692406,11655,3,481.71505170432783,2611,1.0111100376532995
253,79,485.2242455775234,3844,3,465.1159600997506,1604,1.0432328434256701
254,81,556.1065721649485,7760,3,532.7149817295981,1642,1.043910141891267
255,82,452.95542521994133,5115,3,448.39839213934795,2239,1.0101629112871064
256,83,448.73058744091827,4443,3,444.60737439222044,2468,1.009273829644266
257,84,453.8492172480088,3641,3,447.773562537048,1687,1.0135685873827311
258,85,617.4966187658496,7098,3,583.1369863013699,1679,1.0589220599475444
259,86,460.9288877952756,4064,3,450.79191033138403,2052,1.0224870438700635
260,87,602.6605742390004,15046,3,559.7804783950618,2592,1.0766016277789456
261,88,451.25868440502586,2706,3,448.73350416399745,1561,1.0056273494570744
262,89,595.2091544818818,4719,3,565.9218181818181,1650,1.0517515588887478
263,91,448.30523255813955,3096,3,443.969646799117,1812,1.0097655003901298
264,1,451.32916715336995,8561,4,443.7171974522293,2355,1.0171550026567544
265,4,583.1255934397929,4634,4,553.60029607698,1351,1.0533332398339383
266,5,466.85884955752215,4520,4,461.81984334203656,1915,1.0109111946750058
267,6,473.4105630293971,6021,4,466.41379310344826,1653,1.0150012071456835
268,8,763.2647281538694,6603,4,742.2827496757458,1542,1.0282668275495952
269,9,479.9379951774027,8709,4,474.568669527897,1864,1.0113141174170792
270,11,477.6396912350598,4016,4,471.719696969697,1452,1.012549813593523
271,13,580.5664320281567,4546,4,547.4509116409537,1426,1.0604903922580766
272,14,480.60633290543433,4674,4,472.5278873239437,1775,1.0170962302928641
273,15,520.9099099099099,4107,4,508.1079404466501,1612,1.0251953737467796
274,17,453.2077137546468,2152,4,453.73675675675673,1850,0.9988340309789063
275,18,468.8810542915071,4439,4,462.8355300859599,1745,1.013061927645063
276,19,483.9951318917695,8833,4,477.8139534883721,1978,1.0129363706485979
277,20,487.53531746031746,5040,4,472.6065482796892,1802,1.0315881555915163
278,22,449.9090284929626,2913,4,448.84253028263794,1486,1.0023761077401758
279,23,451.38271604938274,3078,4,448.1535662299855,1374,1.0072054538058504
280,24,462.89600626468285,6385,4,452.8529534981148,2387,1.0221772932891116
281,29,443.24918962722853,2468,4,440.5226244343891,1768,1.0061893874266734
282,32,444.48871733966746,3368,4,439.91544715447156,1845,1.0103957935889212
283,33,482.8147102526003,6730,4,472.5194690265487,2260,1.021787972561768
284,34,553.4280361260569,10408,4,559.1271593090211,2084,0.9898071072240396
285,35,541.6311135672838,10857,4,568.1219912472648,1828,0.9533711454791207
286,37,513.5179081890028,11894,4,535.1980063434527,2207,0.9594914444794529
287,38,520.3701626472238,8915,4,502.55077720207254,1930,1.0354578805834502
288,39,453.7913669064748,2919,4,448.25959367945825,1329,1.0123405573578694
289,40,481.57282913165267,10710,4,482.0340849501835,1907,0.9990431053883285
290,42,456.1303939962477,2132,4,448.1790333560245,1469,1.017741482863851
291,43,462.9237851662404,3910,4,451.4355889724311,1995,1.0254481402761333
292,44,444.9435411020777,2214,4,442.0906832298137,1610,1.0064531056194663
293,45,523.8182784272051,12233,4,518.6749367088607,1975,1.0099163104949322
294,47,444.3037694013304,3608,4,443.21639202081525,2306,1.0024533780791756
295,49,445.374066328055,3347,4,442.2742882964302,2213,1.0070087231242058
296,50,463.18538384177003,2983,4,450.2689309576837,1796,1.0286860851283124
297,51,480.04812030075186,2660,4,470.73298429319374,955,1.0197885772154778
298,52,784.5455428710226,8234,4,813.0382387022016,1726,0.9649552819598497
299,53,463.7760186263097,4295,4,450.6653409090909,1760,1.0290918260782418
300,54,472.39297012302285,2845,4,466.8992248062016,1161,1.0117664477149253
301,55,464.69903846153846,5200,4,455.5837974683544,1975,1.0200078252208196
302,57,458.3101082079704,3789,4,447.6674169949353,1777,1.0237736560870936
303,58,453.64444444444445,1980,4,460.9707495429616,1094,0.9841067896264981
304,59,472.03639514731367,4039,4,459.33117816091954,1392,1.027660253843999
305,60,448.99440089585664,1786,4,447.1232993197279,1176,1.0041847552542564
306,62,478.17724288840265,2742,4,466.97777777777776,1440,1.0239828652316607
307,63,918.885172081055,9327,4,900.2221063607925,1918,1.020731623438697
308,66,435.8789915966386,1190,4,433.4394557823129,1470,1.0056283196690587
309,67,575.1989174560216,2956,4,609.1776892430279,1255,0.9442219037449833
310,68,460.47058823529414,1275,4,454.912,750,1.0122190406832403
311,69,478.5878993018828,4727,4,474.3858574610245,1796,1.008857856478581
312,71,438.1214771622935,1029,4,441.07251908396944,1834,0.9933093951810811
313,72,454.1955219994793,7682,4,451.3149321266968,2210,1.0063826602395105
314,73,501.2961472110408,5217,4,506.4022809745982,1929,0.9899168428828354
315,74,439.57559958289886,1918,4,438.70217554388597,1333,1.0019909270746836
316,75,575.9041936297168,11899,4,546.6872868972235,2053,1.0534435452090292
317,76,463.6021134849529,4353,4,457.78333333333336,1980,1.0127107732587166
318,77,486.12722217541494,11869,4,480.652140077821,2570,1.01139094501214
319,79,483.23450999753146,4051,4,463.9018366054465,1579,1.0416740609038107
320,81,555.5977145825218,7701,4,531.3279569892474,1674,1.0456775467468309
321,82,453.2418119948958,4702,4,447.65,2280,1.0124914821733404
322,83,447.9699654278306,4628,4,444.33306484091827,2483,1.0081850775346066
323,84,454.4687409968309,3471,4,447.6921269095182,1702,1.0151367729740806
324,85,619.8772917568933,6927,4,591.2196836555361,1707,1.0484720128466734
325,86,460.938505885179,4163,4,450.84719535783364,2068,1.0223829950174936
326,87,602.9430274925472,15095,4,558.1330739299611,2570,1.080285429507102
327,88,449.4126537785589,2845,4,446.68773234200745,1614,1.006100282679053
328,89,592.6835045063928,4771,4,565.7347417840375,1704,1.0476349793144621
329,91,447.91356932153394,3390,4,443.4281798245614,1824,1.0101152558656672
330,1,452.58344215199793,7658,5,443.5090298194036,2381,1.020460490593144
331,4,586.5290877038343,4538,5,553.4888888888889,1350,1.0596944211134436
332,5,467.97996776421826,4343,5,462.3768267223382,1916,1.0121181268568307
333,6,476.8271722560976,5248,5,468.44975786924937,1652,1.0178832718901447
334,8,769.7373037857802,6498,5,719.7907732293697,1539,1.0693903456588134
335,9,478.98296108680637,8686,5,472.9845498135322,1877,1.0126820448482703
336,11,480.98299506308285,3646,5,472.0859916782247,1442,1.0188461499423656
337,13,587.0580855018587,4304,5,551.4736101337087,1421,1.064526161749648
338,14,480.8528710725894,4615,5,473.41043956043956,1820,1.0157208859167959
339,15,523.0632283659806,4033,5,505.1439024390244,1640,1.0354737052955307
340,17,453.6913021618904,1989,5,453.34130781499204,1881,1.0007720327728027
341,18,468.4316268486917,4395,5,462.57230941704034,1784,1.0126668140577537
342,19,484.05558076225043,8816,5,476.9809332664325,1993,1.0148321389858705
343,20,486.43744066831215,5267,5,470.88600451467266,1772,1.0330259043686547
344,22,449.4620528251421,2991,5,448.52836411609496,1516,1.0020816714922525
345,23,451.7140902872777,2924,5,448.3059163059163,1386,1.0076023399589393
346,24,462.8570966175757,6179,5,453.42979452054794,2336,1.0207910953601893
347,29,442.86492985971944,2495,5,441.11943661971833,1775,1.0039569628882752
348,32,445.1943671766342,2876,5,439.78711790393015,1832,1.012295151568958
349,33,484.81375,6400,5,473.3165919282511,2230,1.024290629713424
350,34,555.3491909698672,10321,5,557.3021791767554,2065,0.9964956386681043
351,35,544.8507247768072,10417,5,571.4233062330624,1845,0.9534975539737309
352,37,513.2620567971769,11902,5,536.9666514390133,2189,0.9558546241590412
353,38,519.825617977528,8900,5,502.26066838046273,1945,1.0349717799996234
354,39,455.0261125413755,2719,5,448.69758948137326,1369,1.014104205612776
355,40,481.0463637201585,10849,5,480.41799787007454,1878,1.0013079565146805
356,42,456.8363636363636,1760,5,448.4199438202247,1424,1.0187690577373452
357,43,463.7664411366712,3695,5,450.8808110781405,2022,1.028578794532681
358,44,444.89334637964777,2044,5,442.00062695924765,1595,1.0065446047900444
359,45,524.1011189731776,12154,5,517.6732223903177,1983,1.01241689989909
360,47,444.24464023494863,3405,5,443.133132270573,2321,1.0025082935204603
361,49,445.06027195883865,2721,5,441.67006487488413,2158,1.0076758815087794
362,50,464.7047879616963,3655,5,449.62744004461797,1793,1.0335329799168445
363,51,478.01665404996214,2642,5,467.5255102040816,980,1.022439724928167
364,52,816.6221572017555,7519,5,801.1757469244288,1707,1.0192796778192834
365,53,464.80844720496896,4025,5,450.5324074074074,1728,1.0316870430691394
366,54,472.89081272084803,2830,5,467.2929380993897,1147,1.011979369181624
367,55,464.62733644859816,5136,5,454.8246231155779,1990,1.0215527322726528
368,57,457.67778660312416,3777,5,446.82934963868814,1799,1.0242787027602556
369,58,454.1427853192559,1989,5,461.0720461095101,1041,0.9849714142318478
370,59,471.52597402597405,4004,5,459.77311522048365,1406,1.0255623010924733
371,60,449.3023658395845,1733,5,446.4036697247706,1199,1.0064934415001585
372,62,473.94979784366575,2968,5,464.4021592442645,1482,1.0205589883882935
373,63,907.8536143936974,9393,5,907.474962063733,1977,1.0004172592587055
374,66,435.40939597315435,1192,5,433.52823691460054,1452,1.00433918462138
375,67,571.449865410498,2972,5,604.5694656488549,1310,0.945217874669189
376,68,460.60369774919616,1244,5,455.99305555555554,720,1.0101112114262865
377,69,479.828759355863,4409,5,473.6414674819344,1799,1.0130632393882713
378,71,439.14606741573033,178,5,440.5083234244947,1682,0.9969075362795095
379,72,454.10944685323875,7611,5,450.4661586732407,2231,1.008087817719157
380,73,502.9542296689824,4894,5,509.0453597497393,1918,0.9880342095962696
381,74,439.24883840991225,1937,5,438.7080459770115,1305,1.0012326932178697
382,75,581.1769864935976,11402,5,543.8219380226267,2033,1.0686898520622328
383,76,463.6186761756185,4487,5,456.7868504772004,1886,1.014956266125614
384,77,485.15518234955135,12147,5,480.3493690851735,2536,1.0100048289300982
385,79,484.818014221754,3797,5,465.5944931163955,1598,1.0412881195752304
386,81,557.9631918323482,7444,5,533.8480189237138,1691,1.0451723562770783
387,82,452.6070488150699,4937,5,447.2366510038445,2341,1.0120079555178927
388,83,448.5568768229751,4457,5,444.4017128874388,2452,1.0093500178218007
389,84,453.71607041453717,3522,5,446.7452667814114,1743,1.0156035310308873
390,85,618.0749532441375,6951,5,589.3260744985673,1745,1.0487826349275848
391,86,459.4498465895681,4237,5,450.2064393939394,2112,1.0205314859735726
392,87,609.4319095825822,14422,5,563.5458397534669,2596,1.0814238462822987
393,88,449.1080890144825,2831,5,445.6815642458101,1611,1.0076882802511045
394,89,594.3635785456859,4717,5,570.7816513761468,1635,1.041315145840241
395,91,447.8423478795329,3254,5,443.43022614451183,1813,1.0099499796695932
396,1,469.7661773517076,6676,6,460.5230577482343,2407,1.0200709159898926
397,4,593.3828229027963,4506,6,567.0340393343419,1322,1.0464677281092085
398,5,481.6817981489643,4538,6,476.5935717988595,1929,1.010676237891543
399,6,497.58982683982686,5544,6,497.48910256410255,1560,1.0002024652906067
400,8,742.1303084797344,7229,6,725.7396329027872,1471,1.0225847877583705
401,9,498.4519906323185,7686,6,487.898241875333,1877,1.0216310448597234
402,11,507.2438840797892,2657,6,492.7624269005848,1368,1.0293883145074412
403,13,591.6805246776345,4498,6,564.7864357864357,1386,1.0476181565050338
404,14,498.51157004229907,4019,6,488.0700056915196,1757,1.0213935792591584
405,15,535.2281312127236,4024,6,517.5337078651686,1602,1.0341898954186861
406,17,468.1521425132403,2077,6,467.98301369863015,1825,1.0003613994731848
407,18,484.4029193059763,3631,6,476.29101796407184,1670,1.017031396847623
408,19,498.54459980713597,8296,6,489.42389112903226,1984,1.0186356016602776
409,20,499.53719172633254,5028,6,485.37108708025045,1757,1.0291861320609315
410,22,465.80642907058,2862,6,464.29550033579585,1489,1.0032542394524422
411,23,467.3580118178658,2877,6,464.6129985228951,1354,1.005908171539965
412,24,477.71377777777775,5625,6,468.12877792378447,2283,1.020475134847518
413,29,457.40239043824704,2008,6,454.7702152414194,1719,1.0057879234580707
414,32,459.04,2850,6,453.74084507042255,1775,1.0116788139907373
415,33,497.4497337421333,6197,6,489.5132346343652,2229,1.0162130429705258
416,34,561.0753278154933,10753,6,566.0458089668616,2052,0.9912189418724956
417,35,554.5067461869378,10228,6,591.9507829977629,1788,0.9367446789728013
418,37,524.8359447004608,11935,6,549.6551094890511,2192,0.954845930911728
419,38,529.5935662400553,8673,6,510.8119170984456,1930,1.036768228212636
420,39,469.23039215686276,2448,6,464.0678733031674,1326,1.0111244909434245
421,40,495.93058340494605,10473,6,495.79545454545456,1848,1.00027254961346
422,42,471.404309252218,1578,6,463.0370101596517,1378,1.0180704758128973
423,43,477.7468139337298,3531,6,465.140099009901,2020,1.027103049061269
424,44,459.3648802736602,1754,6,456.64668769716087,1585,1.0059525069374904
425,45,537.534001009931,11882,6,538.7987355110643,1898,0.9976526773027156
426,47,460.7966231772832,2606,6,459.11878453038673,2172,1.003654476147415
427,49,460.389979338843,1936,6,457.7038425492034,2134,1.0058687223919272
428,50,478.70185185185187,2700,6,464.616935483871,1736,1.0303151161575983
429,51,493.69889186090944,2617,6,480.7474645030426,986,1.0269401885899803
430,52,783.8010291595198,8162,6,828.7191539365452,1702,0.9457981337059034
431,53,482.2429378531073,3363,6,465.68606701940035,1701,1.035553717421005
432,54,487.2879406307978,2695,6,480.71084337349396,1162,1.0136820239193016
433,55,477.3871541501976,5060,6,467.51462288353,1949,1.0211170534212939
434,57,470.03842940685047,3591,6,458.2046332046332,1813,1.025826443786596
435,58,469.5727496917386,1622,6,475.66170026292724,1141,0.9871989891811283
436,59,485.88485971413445,3778,6,473.2725968436155,1394,1.026649045295742
437,60,463.62266425557567,1659,6,460.93954248366015,1224,1.005820984152191
438,62,485.2179640718563,3340,6,477.40771929824564,1425,1.016359695199506
439,63,881.5640819606267,9956,6,898.3793281653747,1935,0.9812826879720316
440,66,449.40552995391704,868,6,446.8809523809524,1470,1.0056493291099426
441,67,577.7420648179085,2993,6,608.7501875468868,1333,0.9490626477604329
442,68,474.8973252804141,1159,6,469.3037634408602,744,1.0119188514461142
443,69,495.3147142487717,3867,6,488.6872498570612,1749,1.0135617706286566
444,71,457.1169590643275,342,6,458.19011976047904,668,0.9976578266316337
445,72,470.836381681554,7053,6,465.52962298025136,2228,1.0113994006811629
446,73,525.8730591119586,3671,6,527.0070346320347,1848,0.9978482725171441
447,74,455.7183271832718,1626,6,454.3529411764706,1343,1.003005121972504
448,75,588.3034344490934,11472,6,551.0656465942744,2026,1.0675741412751056
449,76,478.8487102021845,4303,6,471.93381221139043,1949,1.0146522622704066
450,77,500.54391034060063,11421,6,499.2286164761529,2537,1.0026346523837752
451,79,499.1770718232044,3620,6,476.98582871226125,1623,1.046523904433081
452,81,570.0524673851389,7052,6,550.24375,1600,1.035999895292112
453,82,467.5950663253433,4297,6,461.74485420240137,2332,1.012669793869273
454,83,464.64194100042755,4678,6,461.52967848309976,2426,1.006743363780108
455,84,468.11707172495557,3374,6,461.53464203233256,1732,1.0142620490276477
456,85,625.2481508339376,6895,6,606.6302021403092,1682,1.0306907711286724
457,86,472.33934730697797,3769,6,463.00539215686274,2040,1.020159495565773
458,87,612.0322537740241,15037,6,571.4518402505873,2554,1.0710128319923544
459,88,465.6826636904762,2688,6,462.6839152119701,1604,1.0064812032143635
460,89,602.1721952250158,4733,6,576.7444776119403,1675,1.0440883590569625
461,91,463.58432708688247,2935,6,459.965281730222,1757,1.0078680837454665
462,1,459.94661969922777,7381,7,451.66680832979176,2353,1.018331679939143
463,4,591.0126097725738,4441,7,546.2001522070016,1314,1.082044022478758
464,5,472.7235320284698,4496,7,467.09233891425674,1971,1.0120558455899804
465,6,485.5842784513101,5114,7,475.5260922330097,1648,1.0211517020466079
466,8,749.6736872475476,6932,7,703.5565045992115,1522,1.065548655078681
467,9,485.7077144226162,8348,7,478.83091007000536,1857,1.0143616550393655
468,11,497.86550399054096,3383,7,487.89495507947476,1447,1.0204358516259757
469,13,584.9904698581561,4512,7,562.3577981651376,1308,1.0402460351165475
470,14,484.86973180076626,4698,7,478.42415569547796,1747,1.0134725139367564
471,15,526.8806112702961,4188,7,501.0474111041797,1603,1.0515583946620672
472,17,458.0038332534739,2087,7,458.0530145530146,1924,0.9998926296782727
473,18,472.63921474742637,4177,7,466.83560864618886,1758,1.0124317982470699
474,19,488.5850300786673,8644,7,479.2591662481165,1991,1.0194589159421996
475,20,490.7310635042081,5228,7,473.1170212765957,1786,1.037229779178278
476,22,457.0586461126005,2984,7,454.92958700067703,1477,1.0046799750395665
477,23,458.4144758195391,3081,7,455.29771554900515,1357,1.0068455433974135
478,24,465.4640321500335,7465,7,460.5622807017544,2280,1.010642971979404
479,29,448.9068493150685,2190,7,446.4808126410835,1772,1.0054336862980386
480,32,450.6428822495606,2845,7,445.690275435638,1779,1.011112216458126
481,33,487.95312977099235,6550,7,482.0103139013453,2230,1.0123292296829636
482,34,552.0292997097242,11024,7,566.8857715430862,1996,0.973792829915413
483,35,546.053412462908,10447,7,573.5158421345192,1799,0.9521156563532733
484,37,516.3794997464931,11834,7,547.0086011770031,2209,0.9440061794922326
485,38,517.3898394592311,9468,7,503.47332635983264,1912,1.0276410136759704
486,39,459.69507494646683,2335,7,454.082361516035,1372,1.0123605625457301
487,40,486.74496396229904,10822,7,487.29963522668055,1919,0.998861744962884
488,42,461.59191408717624,1583,7,453.57309540150993,1457,1.017679220321849
489,43,464.99687695190505,4803,7,455.72722868217056,2064,1.0203403432718725
490,44,450.98421588594704,1964,7,447.8238600874453,1601,1.007057140273599
491,45,530.9737991266376,11679,7,525.1098178137652,1976,1.0111671523059431
492,47,451.90564761582687,2957,7,450.34544638851503,2229,1.003464454320175
493,49,451.3880666049954,2162,7,448.437106918239,2226,1.0065805430488035
494,50,464.9608938547486,2685,7,455.15834767641996,1743,1.0215365624477075
495,51,484.58189033189035,2772,7,470.2251256281407,995,1.0305316834879281
496,52,776.7202856451222,8262,7,801.6956772334294,1735,0.9688467927449793
497,53,470.35674157303373,3916,7,456.28372093023256,1720,1.0308426972018863
498,54,477.27868307283006,3007,7,468.37296416938113,1228,1.0190141609032504
499,55,466.93407138136155,6052,7,459.87254408060454,1985,1.0153554009510932
500,57,461.0105263157895,3705,7,450.4240924092409,1818,1.023503258562222
501,58,460.44121365360303,1582,7,467.38121990369183,1246,0.9851512941587194
502,59,474.12382234185736,4458,7,463.2524893314367,1406,1.0234674033292517
503,60,454.89957492029754,1882,7,452.0081103000811,1233,1.006396930838911
504,62,477.10019869429465,3523,7,465.32572614107886,1446,1.0253037214401637
505,63,872.0308246597277,9992,7,888.4678571428572,1960,0.9814995755322113
506,66,441.6678476527901,1129,7,439.58128415300547,1464,1.0047467068662967
507,67,564.1478895588702,3151,7,586.4755043227666,1388,0.9619291605543199
508,68,467.0510822510823,1155,7,462.6864064602961,743,1.0094333348242872
509,69,483.3029735424959,4271,7,480.10262257696695,1754,1.0066659726796554
510,71,447.06806862202546,1807,7,449.8104925053533,934,0.9939031571539092
511,72,462.0140654584799,7394,7,457.0343092406221,2186,1.0108958039192546
512,73,500.1569253899643,5321,7,506.7732793522267,1976,0.9869441538616249
513,74,448.532414910859,1234,7,446.06295754026354,1366,1.0055361184533522
514,75,575.2074757121686,12146,7,536.9643034209222,2017,1.0712210700927505
515,76,470.45525291828795,4369,7,462.33528550512443,2049,1.0175629411549068
516,77,490.5518665345226,12108,7,484.89406779661016,2596,1.011668112921286
517,79,485.3721300295522,4399,7,467.99149969641775,1647,1.037138773555522
518,81,548.7906076010651,8262,7,534.1506024096385,1660,1.0274080102603707
519,82,457.82131111598335,4561,7,452.5509417808219,2336,1.0116459139703082
520,83,456.15898722627736,4384,7,452.2681632653061,2450,1.0086029136627264
521,84,457.9518229166667,3840,7,452.21116225546604,1738,1.0126946460865058
522,85,598.397751947886,7829,7,577.9030233884769,1753,1.0354639580171088
523,86,462.81216696269985,4504,7,454.5070082165297,2069,1.0182728947981667
524,87,597.7747459540835,15942,7,559.1040348101266,2528,1.0691655018320332
525,88,455.3398282694848,3028,7,452.1861027190332,1655,1.006974397336601
526,89,586.1827891979041,4962,7,550.4722543352601,1730,1.0648725427692396
527,91,454.4393840104849,3052,7,450.1246552675124,1813,1.0095856307635676
528,1,459.5480446176589,7441,8,451.79905741216794,2334,1.0171514018862189
529,4,596.2110954395863,4254,8,548.1657992565056,1345,1.0876473801325184
530,5,469.66848567530695,5131,8,464.47350343473994,2038,1.0111846686671049
531,6,482.9068744271311,5455,8,471.16309523809525,1680,1.024925082859262
532,8,737.3294020844761,7292,8,693.8097062579822,1566,1.0627256947170927
533,9,486.2006842850401,8476,8,476.25183630640083,1906,1.0208898889625249
534,11,493.75128998968006,3876,8,480.5574983187626,1487,1.0274551780319237
535,13,575.3090571487518,4847,8,555.8528752800597,1339,1.035002394939289
536,14,483.9385520178463,4931,8,478.0177777777778,1800,1.0123860963238505
537,15,523.8512843623254,4438,8,498.8344491783323,1643,1.0501505764591843
538,17,457.41878294202206,2087,8,457.25513969425407,1897,1.0003578817022756
539,18,470.9863466196873,4541,8,466.13631346578364,1812,1.0104047528883624
540,19,488.0066305669135,9049,8,479.1201608848668,1989,1.0185474759935684
541,20,491.18373493975906,5312,8,473.2505656108597,1768,1.0378936035834456
542,22,457.9608208955224,2680,8,454.7027027027027,1480,1.0071653811896295
543,23,457.8903205531112,3182,8,455.07618343195264,1352,1.0061838813447361
544,24,465.05147772998475,7207,8,458.93518518518516,2376,1.013327137997344
545,29,448.3653360282971,1979,8,445.7400881057269,1816,1.0058896383624072
546,32,450.0013845621322,2889,8,445.2678868552413,1803,1.0106306739080644
547,33,486.4631938260612,6738,8,477.8107014388489,2224,1.0181086199224016
548,34,554.5880059413294,10772,8,563.0529233870968,1984,0.9849660358837212
549,35,546.142112125163,10738,8,551.7026732133115,1833,0.9899210909097795
550,37,518.0195923387805,11382,8,553.423667570009,2214,0.9360271753705767
551,38,517.865120274914,9312,8,502.0472081218274,1970,1.0315068222613206
552,39,457.85018572018157,2423,8,451.91878531073445,1416,1.0131249255446833
553,40,487.72258307446106,10623,8,485.09739583333334,1920,1.0054116704473706
554,42,460.5964912280702,1767,8,452.9544287548139,1558,1.0168715923459775
555,43,464.36198476264894,5119,8,455.1429951690821,2070,1.0202551499010593
556,44,450.29990714948934,2154,8,447.18164910105395,1613,1.0069731350888478
557,45,527.6596533655784,12405,8,518.7138584247258,2006,1.0172461074551198
558,47,452.4229867083659,2558,8,450.4461264470169,2246,1.0043886719083186
559,49,451.71468728039355,1423,8,449.18561278863234,2252,1.0056303550687213
560,50,463.0523725834798,2845,8,454.8521887436043,1759,1.0180282387175625
561,51,483.95772124686493,2791,8,468.7260663507109,1055,1.0324958562999085
562,52,803.890234375,7680,8,789.9635205558773,1727,1.0176295657416217
563,53,469.65298046005444,4043,8,456.9421145894861,1693,1.027817234316403
564,54,479.9900184842883,2705,8,469.3255620316403,1201,1.0227229397147755
565,55,465.46595149253733,6432,8,457.7859296482412,1990,1.0167764480009192
566,57,461.14063324538256,3790,8,449.83181085437934,1861,1.025140112633484
567,58,461.45387453874537,1897,8,468.0468409586057,918,0.9859138747601474
568,59,472.93407960199005,4824,8,462.5676613462873,1441,1.0224105987555023
569,60,456.32704019488426,1642,8,452.89752066115705,1210,1.0075723963529777
570,62,480.5502776064158,3242,8,465.7567934782609,1472,1.0317622508899496
571,63,894.0780002074474,9641,8,873.3338453661034,1953,1.0237528351287566
572,66,442.9357664233577,685,8,439.959169550173,1445,1.0067656207193683
573,67,551.9730405780989,3598,8,581.4008528784648,1407,0.9493846420164825
574,68,469.2713248638838,1102,8,464.537037037037,702,1.0101914109088987
575,69,482.3172089041096,4672,8,477.1879232505643,1772,1.010748984631893
576,71,447.97984117287723,1637,8,450.06531204644415,689,0.9953662928074054
577,72,462.35489833641407,7574,8,456.5731818181818,2200,1.0126632854238353
578,73,492.9025298773863,6443,8,503.4248991935484,1984,0.9790984328883648
579,74,447.04553119730184,1779,8,445.2460850111857,1341,1.0040414643647477
580,75,573.682084213949,12302,8,531.9391891891892,2072,1.0784730583365867
581,76,471.3201889020071,4235,8,465.84411764705885,2040,1.011755158104405
582,77,489.8686217469927,12719,8,481.5734740015072,2654,1.0172250927289646
583,79,478.9140803658935,6122,8,467.47641791044776,1675,1.0244668223192315
584,81,546.7586206896551,8613,8,527.3105326876513,1652,1.036881660419106
585,82,457.8549763033175,4220,8,452.9162436548223,2364,1.0109042957007723
586,83,455.2625853242321,4688,8,452.1996726677578,2444,1.0067733632764584
587,84,458.24592748292173,3806,8,452.46153846153845,1742,1.0127842667932647
588,85,596.5721824349793,7959,8,568.1636670416198,1778,1.0500005844113198
589,86,462.9917273980697,5077,8,454.6475875118259,2114,1.0183529839714078
590,87,596.1117869778412,16111,8,559.005100039231,2549,1.0663798719117341
591,88,455.43212744772654,3013,8,452.2998182919443,1651,1.006925293862843
592,89,580.447022428461,5172,8,546.063731170336,1726,1.0629657113180433
593,91,454.0584814216478,3095,8,450.06276824034336,1864,1.008878124260149
594,1,457.6700685027261,7153,9,449.3900647948164,2315,1.0184249816730822
595,4,587.2457029528426,4538,9,541.4282511210762,1338,1.0846233120213016
596,5,466.5056907378336,5096,9,461.116570327553,2076,1.0116871107157404
597,6,478.41133548277617,5893,9,467.4681712962963,1728,1.0234094316114277
598,8,739.6173126968908,7301,9,680.8356958762887,1552,1.0863374484866655
599,9,484.30355015487254,8394,9,474.1497683993824,1943,1.0214147141519585
600,11,488.4224636006471,4327,9,475.8333333333333,1512,1.0264570163236018
601,13,572.8352459016394,4880,9,551.3702579666161,1318,1.0389302607909672
602,14,483.2738683127572,4860,9,477.1673066374109,1823,1.0127975273879912
603,15,518.4658747300216,4630,9,494.95657209033004,1727,1.0474977078098098
604,17,455.85923423423424,1776,9,455.2143238909674,1871,1.0014167180368017
605,18,468.6454191432671,4879,9,464.0967561521253,1788,1.0098011092101897
606,19,484.58515192649054,9577,9,476.9464375947448,1979,1.0160158745922667
607,20,490.3303812090874,5194,9,471.0388732394366,1775,1.040955235471287
608,22,456.060098896919,2629,9,452.6666666666667,1464,1.0074965365911317
609,23,456.59216354344125,2935,9,453.34828101644246,1338,1.0071553872879495
610,24,462.2504672897196,7490,9,455.74244966442956,2384,1.0142800338877407
611,29,446.15594280607684,2238,9,443.6231567449481,1831,1.0057093188726054
612,32,448.39822404371586,2928,9,444.0762112139358,1837,1.009732592561005
613,33,481.39367933524045,7341,9,474.1319073083779,2244,1.0153159319483205
614,34,551.8324074074075,10800,9,560.4542728635682,2001,0.9846162909739121
615,35,545.4726021025211,10749,9,544.7211028632025,1886,1.001379603682267
616,37,517.803500897666,11140,9,552.405540417802,2202,0.9373611649623114
617,38,516.9746481899238,9309,9,499.6312275295326,1947,1.0347124433077313
618,39,455.9851662404092,1955,9,450.21360544217686,1470,1.012819605468306
619,40,485.96224093877163,10567,9,483.5907436297452,1923,1.00490393445339
620,42,458.790447761194,1675,9,450.6537717601547,1551,1.0180552710548927
621,43,461.1863124264335,5947,9,452.7757404795487,2127,1.01857557990624
622,44,448.5574526995847,2167,9,445.31636363636363,1650,1.0072781719422008
623,45,523.930293005671,12696,9,517.0976346250629,1987,1.0132134783125866
624,47,449.53109308613364,2589,9,447.8540540540541,2220,1.003744610586638
625,49,448.94444444444446,1530,9,446.5750452079566,2212,1.0053057134784245
626,50,460.21448763250885,2830,9,452.15909090909093,1804,1.0178154036607383
627,51,480.29824561403507,2793,9,464.70111731843576,1074,1.0335637847948436
628,52,792.4909852717116,7876,9,790.5800464037123,1724,1.0024171352119142
629,53,467.1032144650929,3982,9,454.984412470024,1668,1.026635642151515
630,54,478.0126536514823,2766,9,467.21724137931034,1160,1.0231057660464369
631,55,462.6659896891111,6401,9,455.30802707930366,2068,1.0161604060815863
632,57,459.9926490607133,3673,9,448.1283819628647,1885,1.02647515215591
633,58,459.8816425120773,2070,9,467.126600284495,703,0.9844903763390797
634,59,469.1317120622568,5140,9,459.68791946308727,1490,1.0205439216462329
635,60,454.40588235294115,1870,9,450.9724025974026,1232,1.0076135030342503
636,62,479.76788553259144,3145,9,462.9168975069252,1444,1.036401756160595
637,63,900.26033706689,9553,9,852.0076687116565,1956,1.056634077517398
638,66,440.25448868071817,1281,9,438.1737931034483,1450,1.0047485623513286
639,67,553.2025058275058,3432,9,580.4001468428781,1362,0.953139844703149
640,68,467.4409594095941,1084,9,463.8437047756874,691,1.0077553162775947
641,69,476.039978582902,5603,9,474.56608054452636,1763,1.0031057804145724
642,71,445.3224368499257,1346,9,448.2144495412844,872,0.9935477031266652
643,72,460.5138165798959,7491,9,453.953853046595,2232,1.014450727732071
644,73,489.03656924658543,6809,9,501.42208774583963,1983,0.9752992163649318
645,74,444.9561965811966,936,9,443.05206847360915,1402,1.0042977524383252
646,75,567.4874960925289,12796,9,533.301017935046,2063,1.06410353066614
647,76,473.9798561151079,3475,9,468.3869918699187,1845,1.0119406908011281
648,77,487.36596409055426,12810,9,478.51361573373674,2644,1.01849967914339
649,79,477.86400396104966,6059,9,465.34280742459396,1724,1.0269074676489647
650,81,547.6574153319476,8179,9,533.2530193236715,1656,1.0270123102660447
651,82,455.4664208585726,3797,9,450.930561508787,2333,1.0100588865270272
652,83,452.9227528089888,4272,9,449.526886035313,2492,1.0075543129436066
653,84,456.00967385295746,3618,9,450.56239316239316,1755,1.0120899586233354
654,85,593.000873798527,8011,9,567.9284534947716,1817,1.0441471459115514
655,86,460.69662027833004,5030,9,451.9044734389562,2146,1.019455764118612
656,87,596.0117424242425,15840,9,557.1675867507886,2536,1.0697171849137523
657,88,452.7658382919146,2857,9,449.5035629453682,1684,1.0072575072045489
658,89,573.2416918429003,5296,9,539.73714615829,1731,1.0620756713209143
659,91,452.1219512195122,2624,9,447.89513513513515,1850,1.0094370662970067
660,1,458.00042741131216,7019,10,449.4309895833333,2304,1.0190673051627426
661,4,588.838345014696,4423,10,538.3901734104046,1384,1.0937018803384357
662,5,466.0102363670203,5373,10,461.0194866920152,2104,1.0108254636063554
663,6,476.6100207435775,6267,10,467.14608009024255,1773,1.0202590604024906
664,8,740.3273850377489,7285,10,693.0463618802318,1553,1.0682220205719628
665,9,484.8122819260293,8598,10,474.26361323155214,1965,1.0222422053899525
666,11,485.9061163387511,4676,10,474.03429724277066,1487,1.0250442197221448
667,13,577.3025138474649,4694,10,549.940956651719,1338,1.0497536269390353
668,14,481.01999626238086,5351,10,474.2792642140468,1794,1.0142125801335726
669,15,516.111903791276,4906,10,491.04454865181714,1706,1.051049044752217
670,17,456.4215297450425,1765,10,456.048128342246,1870,1.0008187763080048
671,18,469.12063808574277,5015,10,464.1157303370787,1780,1.010783749443332
672,19,485.38141962421713,9580,10,477.135814889336,1988,1.0172814625889979
673,20,490.08258630555025,5243,10,472.85942857142857,1750,1.0364234203516998
674,22,455.83934196709833,2857,10,453.0290736984449,1479,1.006203284583285
675,23,456.47342026078235,2991,10,453.3992592592593,1350,1.0067802514863953
676,24,463.8049618891048,6691,10,455.75915789473686,2375,1.017653630991275
677,29,446.9102489866821,1727,10,443.8690284487386,1863,1.0068516169027881
678,32,448.93839835728954,2922,10,444.35034927458355,1861,1.0103252964472653
679,33,481.7098842883034,7173,10,474.1485458612975,2235,1.0159471931170232
680,34,558.6005327545383,10136,10,559.9436336185204,1987,0.997601364167135
681,35,545.6326794966691,10808,10,545.7243928194298,1894,0.9998319420499295
682,37,518.6347027813125,11002,10,555.0453736654804,2248,0.9344005506365824
683,38,516.8471167219428,9347,10,497.8780612244898,1960,1.0380998018888405
684,39,456.52412280701753,2280,10,451.2721606648199,1444,1.0116381257254168
685,40,485.9527581599542,10478,10,484.0850409836066,1952,1.003858241875338
686,42,458.57142857142856,1869,10,451.3392272429601,1527,1.016023870499019
687,43,461.14456842796193,6094,10,452.40656335460346,2194,1.019314496696436
688,44,448.7706834532374,2224,10,445.74082982561634,1663,1.006797343713849
689,45,524.7906719367589,12650,10,516.2052423343224,2022,1.0166318140505752
690,47,450.2321809645753,2343,10,448.1276309897,2233,1.0046963182569828
691,49,449.755391600454,1762,10,447.55108499095843,2212,1.0049252625754221
692,50,460.62504396763984,2843,10,453.13713318284425,1772,1.0165246020166132
693,51,479.8250350631136,2852,10,463.57359924026593,1053,1.0350568622749043
694,52,804.852090454904,7606,10,779.214780600462,1732,1.032901467596246
695,53,467.6148409893993,3962,10,456.9796170475602,1619,1.0232728628260288
696,54,477.5373299006988,2719,10,469.0180102915952,1166,1.0181641630431357
697,55,462.121645021645,6930,10,455.4066147859922,2056,1.0147451310930307
698,57,460.3585115245765,3601,10,449.1192758253461,1878,1.0250250574940833
699,58,461.9098687963491,1753,10,467.65729585006693,747,0.9877101734438449
700,59,469.3799922450562,5158,10,460.6779661016949,1534,1.0188896078902987
701,60,455.2096385542169,1660,10,451.97452229299364,1256,1.0071577403186591
702,62,482.30871794871797,2925,10,464.24349049964815,1421,1.0389132595690829
703,63,898.2501304393196,9583,10,842.5463439752832,1942,1.0661136172061658
704,66,441.1935215946844,1204,10,439.2062367115521,1411,1.0045247191797904
705,67,547.1759776536313,3580,10,577.4751461988304,1368,0.9475316492066538
706,68,467.7366482504604,1086,10,464.45611510791366,695,1.007063171386568
707,69,476.42688805570435,5601,10,474.3388157894737,1824,1.0044020691470408
708,71,445.3078838174274,1205,10,448.2289156626506,1079,0.9934831695520919
709,72,460.57555864158564,7921,10,454.31887866841873,2283,1.0137715606084978
710,73,487.3008575847041,7113,10,505.14812942366024,1978,0.9646692310643243
711,74,445.3471153846154,1040,10,442.8320557491289,1435,1.0056794886522653
712,75,567.2297719462667,12804,10,540.7833969465648,2096,1.0489038220275004
713,76,476.65421398685,3346,10,470.1915285451197,1629,1.0137447934498678
714,77,487.10565602154674,12995,10,479.37576687116564,2608,1.0161249059393078
715,79,477.2442932728647,6615,10,466.53168202764977,1736,1.0229622374168792
716,81,550.2623298788862,8009,10,541.1185819070905,1636,1.016897863569146
717,82,455.48156987536464,3771,10,451.2163090128755,2330,1.0094528073947953
718,83,453.1830282861897,4207,10,450.1922150882825,2492,1.0066434138522824
719,84,456.7030678300028,3553,10,451.31024613623356,1747,1.0119492560604115
720,85,583.4411112408078,8567,10,558.0266884531591,1836,1.0455433822674272
721,86,462.0645862137073,5063,10,452.3801385681293,2165,1.021407764886034
722,87,600.1600931074615,15466,10,559.5528712871287,2525,1.072570839868849
723,88,452.48159105851414,3042,10,449.26412849494346,1681,1.0071616280034406
724,89,565.0063782106533,5801,10,532.3843023255814,1720,1.0612754278113967
725,91,452.88876276958,2643,10,448.12446120689657,1856,1.0106316480690478
726,1,452.5696276751686,6822,11,443.5328749462828,2327,1.0203744823424425
727,4,581.0290013083297,4586,11,527.1330014224751,1406,1.1022436457979592
728,5,460.29652238253794,5406,11,454.6359292881032,2093,1.012450826540037
729,6,471.9013075407487,5583,11,459.46853546910756,1748,1.0270590282290986
730,8,741.0369260117183,7339,11,703.9546338302009,1543,1.0526771050284214
731,9,479.8650391524643,8684,11,466.2745501285347,1945,1.0291469672110203
732,11,480.4102633722509,3683,11,467.45628415300547,1464,1.0277116377689028
733,13,566.8778989098117,5045,11,543.0213864306785,1356,1.0439329151213435
734,14,474.59350180505413,5540,11,467.32720389399674,1849,1.0155486302755565
735,15,509.658427403659,5138,11,482.1718931475029,1722,1.0570056750440815
736,17,453.72995951417005,2470,11,449.65743207245606,1877,1.0090569556983497
737,18,463.0475358944509,5154,11,456.83617372182516,1819,1.0135964762203966
738,19,481.9193868548743,9068,11,471.9438775510204,1960,1.0211370668809565
739,20,484.622795619083,5387,11,468.2267981438515,1724,1.0350172128981694
740,22,450.4782608695652,2691,11,447.6165951359084,1398,1.0063931180495842
741,23,450.1132637853949,3355,11,446.7271341463415,1312,1.007579861128257
742,24,459.040286203142,6429,11,450.56172575822296,2341,1.0188177556152844
743,29,439.63631465517244,1856,11,437.1505958829903,1846,1.0056861841104467
744,32,442.1493309002433,3288,11,437.6418554476807,1854,1.0102994615264842
745,33,477.72361665715914,7012,11,467.91341408703454,2229,1.0209658502508754
746,34,560.0890354492992,9704,11,564.1073663938373,2077,0.9928766557858905
747,35,543.8252645378781,10679,11,540.6758872651357,1916,1.0058248894521127
748,37,518.0317598223767,10359,11,554.6445414847161,2290,0.933988746081713
749,38,507.1668277595206,10346,11,490.71199586349536,1934,1.033532564996847
750,39,450.25741176470586,2125,11,445.0198863636364,1408,1.0117691940552738
751,40,480.1434004266766,10781,11,481.0254971953085,1961,0.9981662161906695
752,42,452.04272062956716,1779,11,444.9555112881806,1506,1.0159279055132242
753,43,454.9691752746352,6099,11,445.0013574660633,2210,1.0223995222516418
754,44,441.7398979992154,2549,11,438.8644578313253,1660,1.0065520005472743
755,45,518.788854063145,13081,11,509.1864573110893,2038,1.0188583113595833
756,47,445.32673702726476,2274,11,442.723049165539,2217,1.0058810759155938
757,49,443.3337760070828,2259,11,441.1391659111514,2206,1.0049748702122119
758,50,453.93932991246606,3313,11,447.86568848758463,1772,1.01356130103512
759,51,477.01727176594994,2837,11,459.83586083853703,1121,1.0373642257828295
760,52,801.4592086609099,7759,11,782.0005672149745,1763,1.024883155155802
761,53,465.5880119338215,3687,11,452.7806155861166,1527,1.0282860968575829
762,54,471.5800724637681,2760,11,464.29871244635194,1165,1.0156824902206842
763,55,460.2357968828557,5967,11,452.3944552529183,2056,1.0173329746615785
764,57,454.1713863580399,4061,11,443.45205479452056,1898,1.0241724701636263
765,58,453.7128287707998,1863,11,461.05744680851063,940,0.9840700587561244
766,59,461.8945461134264,5519,11,454.4655056932351,1493,1.0163467641154835
767,60,448.9419695193435,1706,11,445.7529021558872,1206,1.0071543389802564
768,62,474.96938775510205,3332,11,460.62916666666666,1440,1.0311318130204565
769,63,907.5063277899801,9561,11,844.2584615384616,1950,1.0749152885435869
770,66,436.39708404802747,1166,11,434.47810734463275,1416,1.0044167396951778
771,67,539.4096950742768,3837,11,563.8400286944046,1394,0.9566715160739877
772,68,465.83218842001963,1019,11,461.8338414634146,656,1.0086575443322547
773,69,469.0177203065134,6264,11,466.94870380584666,1813,1.0044309288874844
774,71,439.64981036662454,791,11,442.50710900473933,1055,0.9935429316728013
775,72,453.7792253521127,8520,11,448.77670753064797,2284,1.011147008606999
776,73,479.5948983457507,7919,11,499.15219560878245,2004,0.9608189697749822
777,74,439.28499686126804,1593,11,436.5697183098591,1420,1.0062195760208035
778,75,566.2576610381489,12792,11,537.0371456500488,2046,1.054410603856332
779,76,463.5015321756895,2937,11,478.90859030837004,1816,0.9678288123360662
780,77,481.80262455176626,13107,11,476.04292832502875,2609,1.0120991109919502
781,79,470.47568013190437,7278,11,459.52394526795894,1754,1.0238327838553858
782,81,548.9381111523703,8079,11,548.2083058668425,1517,1.0013312554328666
783,82,448.6121655613995,4373,11,445.00967606226334,2377,1.0080953059965196
784,83,447.34770776638055,4777,11,445.27426683188764,2421,1.004656547860368
785,84,450.8171217292378,3516,11,446.08506841165973,1681,1.0106079616931074
786,85,571.8613490364025,9340,11,552.4122298365841,1897,1.0352076187842039
787,86,450.6673878551853,6933,11,445.73476866697206,2183,1.011066265265698
788,87,601.6169890775102,15198,11,566.413602214314,2529,1.0621513797083502
789,88,446.1443500979752,3062,11,443.5321321321321,1665,1.0058895799798895
790,89,568.1167909768965,5497,11,533.2245835726594,1741,1.065436231710203
791,91,446.25071225071224,2808,11,442.1372761801411,1843,1.0093035269636375
792,1,452.2218788627936,6472,12,442.7091141396934,2348,1.0214876188885023
793,4,572.9972837442541,4786,12,526.2239221140472,1438,1.088884901777745
794,5,459.15078647622494,5531,12,454.2786495482644,2103,1.0107249965033693
795,6,470.5496712929145,5476,12,459.42515651678997,1757,1.0242139870190543
796,8,741.1246738981189,7283,12,704.4442319949012,1569,1.052070043641841
797,9,478.69449648711947,8540,12,466.55979899497487,1990,1.0260088792868227
798,11,478.9247666117518,3642,12,466.964690206529,1501,1.0256123785289486
799,13,569.5015271838729,4911,12,544.0715883668904,1341,1.0467400602433847
800,14,474.0355498250138,5429,12,465.1977124183006,1836,1.018998024218069
801,15,507.29861644888547,5204,12,480.6541524459613,1758,1.0554337539108636
802,17,448.35087719298247,1881,12,448.02340093603743,1923,1.0007309356079634
803,18,461.26670495883593,5223,12,454.6110210696921,1851,1.0146403927328536
804,19,480.56340933767643,9210,12,470.37737789203084,1945,1.0216550198295966
805,20,482.85767650354876,5354,12,466.7605555555556,1800,1.0344868921685848
806,22,449.14889492051185,2579,12,446.4933051444679,1419,1.0059476586668745
807,23,449.3552430449404,3271,12,445.67616191904045,1334,1.008255054769046
808,24,458.95665242841324,6321,12,450.697074010327,2324,1.018326230398152
809,29,439.4004203888597,1903,12,436.01331912626534,1877,1.007768343566618
810,32,441.13652482269504,3384,12,436.90967397113843,1871,1.0096744272406195
811,33,474.8076665326364,7461,12,466.3228980322004,2236,1.018195050117076
812,34,555.5751976284585,10120,12,561.1370582617001,2094,0.990088231473303
813,35,541.1707272561365,10959,12,538.022070415134,1903,1.0058522819306894
814,37,516.6404132309734,10551,12,554.5623893805309,2260,0.9316181968418055
815,38,504.0998949479515,10471,12,489.80171112229493,1987,1.029191780063191
816,39,449.33738721067084,2549,12,445.05070046697796,1499,1.009631906520302
817,40,478.882005899705,10848,12,479.81355068772285,1963,0.9980585275537078
818,42,450.36619718309856,1775,12,443.4581043956044,1456,1.0155777799954955
819,43,453.00480692196766,6241,12,443.8163174320107,2243,1.020703361118228
820,44,440.6989588048891,2209,12,438.00299580587176,1669,1.006155124564975
821,45,516.9473879489462,13476,12,508.6721709567751,2059,1.016268271520744
822,47,443.99286733238233,2103,12,441.74062637847373,2267,1.0050985596963837
823,49,441.90799031476996,2478,12,439.79326047358836,2196,1.0048084635014742
824,50,451.47018688816377,3371,12,445.87069452286846,1771,1.012558556626574
825,51,476.3228552717747,3054,12,457.5635062611807,1118,1.0409983505106852
826,52,770.370850011773,8494,12,760.1200667037243,1799,1.013485742262405
827,53,463.334646703441,3807,12,451.94347826086954,1610,1.0252048519129118
828,54,472.05405405405406,2590,12,463.2105263157895,1197,1.0190918108200235
829,55,459.8657038512616,6024,12,452.05834136933464,2074,1.0172706966500775
830,57,452.4306439297531,3929,12,442.08320413436695,1935,1.0234060912032323
831,58,451.96907216494844,1746,12,458.744888023369,1027,0.9852296646015696
832,59,461.48241017964074,5344,12,453.28504359490273,1491,1.0180843526619068
833,60,447.44055944055947,1573,12,444.1818943839061,1193,1.007336330223845
834,62,474.8491260349586,3261,12,459.409756097561,1435,1.0336069701012593
835,63,879.4109237898058,10143,12,837.3100616016427,1948,1.0502810895495878
836,66,435.4386666666667,750,12,432.98303886925794,1415,1.0056714179932351
837,67,525.3005319148937,4512,12,555.9150877192983,1425,0.9449294389004548
838,68,461.9545040946315,1099,12,458.60869565217394,713,1.0072955625878388
839,69,467.95181117849535,6101,12,464.5647751605996,1868,1.0072907723507984
840,71,439.85593220338984,118,12,442.87404162102956,913,0.9931851742617547
841,72,452.98190266568844,8178,12,447.6485677640017,2339,1.0119141113939594
842,73,477.78255291853753,7795,12,496.7868292682927,2050,0.9617456115377572
843,74,439.12344720496895,1288,12,436.5267433987813,1477,1.005948556063186
844,75,566.2753187109034,12629,12,534.6563855421687,2075,1.0591387927344618
845,76,468.0072463768116,2898,12,479.90466392318245,1458,0.9752087894934999
846,77,481.1344334266899,13211,12,473.30689655172415,2610,1.0165379734206141
847,79,468.9031427797345,7382,12,457.5245070422535,1775,1.0248700027262805
848,81,548.5689741660397,7974,12,546.3174193548388,1550,1.0041213308077561
849,82,448.21776729559747,3816,12,443.715374841169,2361,1.010147028274691
850,83,447.34644331148337,4119,12,444.50347080441,2449,1.006395838713989
851,84,450.0410196308233,3413,12,444.8954326923077,1664,1.0115658344869418
852,85,564.2104462474645,9860,12,546.0586680761099,1892,1.033241443149886
853,86,449.3290827416316,6901,12,443.82520699172034,2174,1.0124009985535003
854,87,604.0213080594206,14877,12,568.2760519071962,2543,1.0629012185754783
855,88,444.6514408338443,3262,12,441.97124026363093,1669,1.0060641967758233
856,89,563.5926906779661,5664,12,528.1671372106155,1771,1.0670726195772837
857,91,445.4387717351091,2703,12,441.3444027852169,1867,1.009277038349311
858,1,451.31195019623766,7389,13,443.1289374212516,2381,1.0184664373818744
859,4,567.2530571992111,5070,13,527.0536344389556,1417,1.0762719771452625
860,5,458.42085447700117,6109,13,454.5666507405638,2093,1.0084788528374404
861,6,469.0827280779451,5645,13,459.3839590443686,1758,1.0211125548522684
862,8,746.1617039464311,7019,13,712.5459697732997,1588,1.0471769339791879
863,9,477.8956985586199,8811,13,465.3294826720241,1991,1.027004985401823
864,11,475.2544479649037,4103,13,465.9312416555407,1498,1.0200098329449554
865,13,567.6750794912559,5032,13,543.1177829099307,1299,1.0452154161658112
866,14,473.421568627451,5508,13,465.33870967741933,1860,1.0173698400368085
867,15,504.0652252906977,5504,13,478.2473655019412,1803,1.0539843220289558
868,17,447.45289179104475,2144,13,447.3510583376355,1937,1.0002276365541365
869,18,460.9392138063279,5215,13,454.5507094062007,1903,1.0140545471999654
870,19,480.5909141397312,9003,13,473.1225641025641,1950,1.015785233264732
871,20,482.8160711046617,5513,13,466.78670360110806,1805,1.0343398116953466
872,22,449.14469696969695,2640,13,446.8539944903581,1452,1.005126288469126
873,23,449.34108983799706,3395,13,445.21629855293224,1313,1.0092646906649003
874,24,459.6813403416557,6088,13,451.4081023454158,2345,1.018327624057375
875,29,439.1029508196721,1525,13,435.67351237493415,1899,1.0078715789400265
876,32,441.04083601286175,3110,13,436.4570982839314,1923,1.0105021495742714
877,33,474.9767061708214,7341,13,465.22478898267434,2251,1.020961731659811
878,34,559.6411919724305,9866,13,556.2486644001942,2059,1.0060989406165937
879,35,542.3958044543018,10821,13,538.5400421496312,1898,1.007159657598124
880,37,516.7895587675922,10516,13,554.0073212747632,2322,0.9328208110652159
881,38,504.36208864371315,10514,13,490.37904468412944,1947,1.0285147665079992
882,39,447.84315463003986,2257,13,444.7860791826309,1566,1.0068731365267252
883,40,479.5007033667823,10663,13,479.6055979643766,1965,0.9997812898806029
884,42,450.08508403361344,1904,13,442.91432396251673,1494,1.0161899484463355
885,43,452.64927944862154,6384,13,443.2981115107914,2224,1.021094535922927
886,44,440.8090379008746,2058,13,437.6860534124629,1685,1.0071352159020446
887,45,517.4507869568491,13279,13,508.1911111111111,2025,1.0182208536184205
888,47,444.14829931972787,2205,13,441.94980357922304,2291,1.0049745372046777
889,49,441.9318913943856,2173,13,439.85669077757683,2212,1.0047179016718837
890,50,451.70865913698236,3453,13,445.69519602429597,1811,1.0134923220315764
891,51,473.97198795180725,3320,13,455.89254766031195,1154,1.0396572402516358
892,52,760.7669825322525,8759,13,755.116393442623,1830,1.007483070343458
893,53,462.8414634146341,3936,13,451.1576898118105,1541,1.0258973167623437
894,54,472.39885057471264,2610,13,462.4622406639004,1205,1.021486316151017
895,55,457.612265224815,7028,13,451.1669004207574,2139,1.0142859877310297
896,57,451.7918507609229,4074,13,441.5947745901639,1952,1.0230914783360439
897,58,451.9025085518814,1754,13,458.93272171253824,981,0.9846813861203378
898,59,460.27787834902244,5524,13,452.99602385685887,1509,1.0160748750732183
899,60,447.24669350201265,1739,13,444.00997506234415,1203,1.0072897426216922
900,62,477.09226286824213,3089,13,460.5362526920316,1393,1.0359494178350424
901,63,878.5443323209562,10207,13,828.5407368967307,1927,1.0603514024084226
902,66,435.17391304347825,69,13,432.0657065706571,1111,1.0071938282199975
903,67,522.6137610806247,4738,13,552.8213058419244,1455,0.9453574881393277
904,68,461.37308039747063,1107,13,457.9986225895317,726,1.007367833966093
905,69,467.24506781750927,6488,13,464.11997857525444,1867,1.0067333650489432
906,71,440.07361963190186,652,13,442.0102707749767,1071,0.9956185381401222
907,72,452.63963855421684,8300,13,447.31920415224914,2312,1.0118940442363769
908,73,481.1549685534591,7950,13,495.15707547169814,2120,0.9717218886453348
909,74,438.74105263157895,1425,13,436.0904887714663,1514,1.0060780134590408
910,75,564.0032520325203,12915,13,534.9674641148325,2090,1.05427580154941
911,76,469.80567081604426,2892,13,482.1978771796816,1319,0.9743005787662984
912,77,481.64638929477815,13003,13,471.84873632591473,2651,1.020764393786775
913,79,468.82608695652175,7383,13,456.8269230769231,1768,1.0262663237945329
914,81,552.5970188629468,7581,13,547.2940438871474,1595,1.0096894439744586
915,82,447.9139365574623,3846,13,443.3173677634319,2401,1.010368573686207
916,83,447.358619123325,4403,13,444.5783828382838,2424,1.0062536470336043
917,84,449.81874447391687,3393,13,444.6645008860012,1693,1.0115913089028825
918,85,558.9928225024248,10310,13,541.7947259565667,1934,1.0317428275358236
919,86,449.08289266828643,6997,13,443.98201438848923,2224,1.0114889299892538
920,87,598.0717902116058,15406,13,569.4046601941748,2575,1.050345794513967
921,88,444.24263379434757,3326,13,441.8897911832947,1724,1.005324500945705
922,89,559.4621289662231,5862,13,525.1471251409245,1774,1.0653436002645738
923,91,445.4526407682235,2291,13,440.8792735042735,1872,1.010373287062463
924,1,452.15016835016837,7425,14,443.6309322033898,2360,1.0192034313397984
925,4,561.0274124837933,5399,14,528.8932584269663,1424,1.0607573523481852
926,5,459.4025657681065,6158,14,454.7096618357488,2070,1.0103206602503487
927,6,466.6092251484244,6569,14,459.5034562211982,1736,1.0154640162789235
928,8,739.185546875,7168,14,710.1448538754765,1574,1.040894041322752
929,9,478.6642694063927,8760,14,465.6668344237544,1987,1.027911446600491
930,11,471.6416958221856,4859,14,464.764745308311,1492,1.0147966268597088
931,13,567.1967277744924,5073,14,547.8996078431372,1275,1.0352201747457352
932,14,474.10735479230357,5561,14,464.39618528610356,1835,1.0209113894857194
933,15,502.6991985752449,5615,14,477.9447453954496,1846,1.0517935460495826
934,17,447.6039163328883,2247,14,447.6191696565864,1951,0.9999659234350713
935,18,460.32547344968435,5386,14,453.6936148300721,1942,1.0146174828184351
936,19,481.18263672743444,8996,14,474.15686274509807,1887,1.0148174043957967
937,20,484.7323811313663,5321,14,466.2509738452977,1797,1.0396383242562421
938,22,449.41574687270054,2718,14,447.2235855487389,1467,1.0049017122414772
939,23,449.6482269503546,3525,14,445.94490566037734,1325,1.008304436810402
940,24,459.07922136713444,6627,14,451.7810094097519,2338,1.0161543132742954
941,29,440.4025,800,14,436.625855513308,1315,1.0086496125664661
942,32,441.48745399799265,2989,14,436.99117341640704,1926,1.0102891794047775
943,33,473.6959215281363,7748,14,464.9991177767975,2267,1.0187028392503603
944,34,554.4368597415031,10445,14,553.8553861288735,2033,1.0010498654110664
945,35,540.6448052540363,10963,14,537.3494038361846,1929,1.0061326976345848
946,37,517.00303087706,10558,14,553.056058645968,2319,0.9348112597171874
947,38,502.90705970709723,10652,14,491.13991975927786,1994,1.0239588342841013
948,39,448.3798250128667,1943,14,444.2171916010499,1524,1.0093707166010704
949,40,479.5385806686709,10977,14,479.92889334001,1997,0.9991867281241961
950,42,450.63754200672105,2083,14,443.9993489583333,1536,1.0149509071667822
951,43,453.2168093385214,6425,14,443.81721384205855,2254,1.0211789791006347
952,44,440.78673550436855,2518,14,437.8221040189125,1692,1.0067713152402373
953,45,515.8394736842105,13680,14,506.864522417154,2052,1.0177068050142006
954,47,444.9939647168059,2154,14,442.7026789635485,2277,1.005175676276958
955,49,442.45631067961165,2060,14,440.19015356820233,2214,1.0051481322174969
956,50,452.4556681443952,3158,14,445.36388735505244,1811,1.0159235649559728
957,51,474.6400483968542,3306,14,456.43842794759826,1145,1.0398774935123245
958,52,756.9093978615645,8885,14,738.1348558999456,1839,1.0254351109577784
959,53,463.2502485089463,4024,14,450.9168734491315,1612,1.0273517709937863
960,54,473.0310745039311,2671,14,463.49706129303104,1191,1.0205697382078385
961,55,458.62804515745694,6732,14,451.5011720581341,2133,1.0157848385350485
962,57,452.24402643619726,3934,14,441.7308478038815,1958,1.0237999648079443
963,58,452.7814302191465,1734,14,459.08324552160167,949,0.9862730444555973
964,59,462.30923850019326,5174,14,453.82559681697614,1508,1.0186936165406255
965,60,448.11181556195965,1735,14,444.92448132780083,1205,1.007163764566622
966,62,477.6289549376798,3129,14,462.19638989169675,1385,1.0333896269713385
967,63,884.7535535535535,9990,14,828.520887055183,1939,1.0678711513215298
968,66,435.29794520547944,584,14,432.896691424713,1481,1.0055469441747489
969,67,523.0926203208556,4675,14,548.757472826087,1472,0.9532309740165213
970,68,461.97678737233053,1077,14,458.15025252525254,792,1.0083521395568085
971,69,468.65905536440414,6394,14,463.60376344086023,1860,1.0109043375446818
972,71,440.9,30,14,443.3520942408377,764,0.9944691944107392
973,72,452.8220823131631,8577,14,447.76465554129226,2337,1.0112948324734499
974,73,480.4081209608584,8201,14,494.2825575928538,2127,0.9719301512487845
975,74,439.0904872389791,1293,14,436.6596752368065,1478,1.0055668341732136
976,75,563.6065006915629,13014,14,533.6887159533073,2056,1.056058492233276
977,76,470.75117881755534,2757,14,487.57911145752144,1283,0.9654867646202843
978,77,481.5728828896765,13261,14,473.3948367501898,2634,1.0172753175671037
979,79,470.73074745186864,7064,14,457.92185730464325,1766,1.0279717815232041
980,81,551.2128888305552,7619,14,542.397355163728,1588,1.0162529068088213
981,82,448.7443922796036,3834,14,443.879917184265,2415,1.010958988922491
982,83,447.8273835437527,4594,14,445.4616639477977,2452,1.0053107142262017
983,84,450.6405831597739,3361,14,445.4700352526439,1702,1.0116069488359583
984,85,563.3765014636116,9907,14,538.8270833333333,1920,1.0455608466790658
985,86,449.6568106789149,6967,14,444.0479233226837,2191,1.0126312658198275
986,87,595.3828538623461,15677,14,564.8221528861154,2564,1.054106767626008
987,88,445.3137839628893,3018,14,442.469893742621,1694,1.0064273078473505
988,89,559.078536667226,5959,14,522.6513303769401,1804,1.0696969550694806
989,91,445.79883681149505,2923,14,441.9637526652452,1876,1.0086773725743854
